Company,Job Title,Description
Amazon,"System Development Engineer, Ad Tech Engineering","B.S. or M.S. degree in Computer Science, Engineering, Mathematics, or a related field, or 5+ years relevant work experience 5+ years of recent Linux systems/production engineering, SRE, DevOps, or Solutions Architecture experience designing, analyzing, automating, monitoring, and troubleshooting large-scale distributed systems, including web and application servers, caching, DNS, monitoring, load-balancing, TCP/IP, HTTP 5+ years experience building tooling, automation and scripting in languages such as Python, Ruby and Bash Experience with IaaS and Configuration Management (e.g. Cloudformation, CDK), as well as DevOps-adjacent frameworks such as the SDLC, git, code pipelines and build/deployment automation Experience building with AWS Services such as S3, EC2, DynamoDB, Kinesis. AWS Certification (Solutions Architect, Devops, Developer, SysOps) 2+ years of software/systems development experience (Java a plus) 2+ years performance engineering experience, e.g. GC tuning, comparative load testing Ability to lead and advise software and infrastructure teams through design and implementation across the organization. Company"
Conway Medical Center,Network Engineer,"Position Summary: The IS Network Engineer (ISNE) is responsible for implementing, administering, and troubleshooting of the hospital network infrastructure. In this capacity, the INE will be responsible for administration and troubleshooting of Citrix Netscaler and Cisco products to include program routers, switches and other network hardware. Additional duties include managing, monitoring, and administering datacenter systems, configure DNS Servers, schedule updates/upgrades and assisting with security strategies for the organization. The ISNE will work with the CMC-IS leadership team to ensure all work is approved, understood, communicated, and executed in a professional manner. He/she will work to ensure that the delivery of services meets or exceeds user needs, and is in line with Hospital and IS Policy, and is delivered in a timely manner. The ISNE must be able to understand and communicate technical terminology to a varied audience in laymen’s terms. Qualifications Education: OR AND Experience: Experience with Cisco and Citrix Netscaler network devices Experience with various network types including LANs, WANs, WLANs, SANs, and VoIP networks Solid understanding of Windows Server environments and networking Prior experience as a database architect and/or software developer in the health care arena preferred Licensure/Certification/Registration: Certifications preferred: Cisco Certified Network Associate (CCNA), Cisco Certified Network Professional (CCNP), Microsoft Certified Solutions Expert (MCSE), Microsoft Certified Solutions Associate (MCSA), CompTIA Network+ Special Skills: Ability to work effectively and collaboratively with nursing colleagues, physicians, department heads, and members of executive leadership required. Demonstrated proficiency with Microsoft Outlook, Word, Excel, Explorer and PowerPoint required. Demonstrated proficiency with implementing, administering, and troubleshooting of hospital network infrastructures Exemplary core customer service skills strongly required. Strong organizational skills required. Strong verbal and written communication skills required. Knowledge of program development and administration preferred. Working Conditions: Stress level high due to multiple demands frequently occurring simultaneously. Physical surroundings generally pleasant and comfortable. Generally contained office type environment. Prolonged standing and walking."
Randstad USA,SCADA Network Engineer,"Experience implementing networking solutions in industrial and automation environments Experience with networking solutions including routing and switching protocols Set up and maintain computer and controller networks using Ethernet, Modbus, Profibus, Device Net, HART and Control Net Experience with implementing and maintaining Network Monitoring and Anomaly Detection systems Able to troubleshoot multiple brands of radio, cellular, satellite and web-based telemetry systems as part of an Industrial network Experienced implementing and maintaining OT Cybersecurity Coordinate and participate in the design, development and administration of standards and documentation for industrial networks Enforce adherence to corporate networking and cybersecurity standards Experience level: Experienced Minimum 5 years of experience"
Allegis Group,Network Engineer,"Bachelor’s degree or equivalent working experience in the field 5+ years’ experience in managing enterprise computer networks 3+ years’ experience in network architecture and deployment Healthcare IT experience preferred Must possess extensive knowledge of various applications, including switching, routing, spam filtering, web servers, server clustering, VPN, LAN, WAN, internets, intranets, and more Self-starter able to work independently but comfortable working in a team environment Demonstrated knowledge and understanding of Enterprise Core Network Infrastructure Ability to create accurate network diagrams and documentation for design and planning Experience leading and participating in technology-oriented initiatives and projects Ability to think through problems and visualize solutions Proficient in Microsoft Excel, Word and Office Under the supervision of the Director of Technical Services, the Sr. Network Engineer is responsible for safeguarding network and data security. Interacts with management, technical and program staff as well as functional users and 3rd party vendors to manage the day-to-day scheduled and unscheduled computer operations and maintenance activities. Engages in continuous learning and stays well informed of existing and emerging products, solutions, and technologies. Seeks to maintain stable, efficient and effective availability and operations of our client's data. Member of the on-call team. These threshold requirements are required and completed yearly basis Annual Joint Commission mandatory education requirements, in-service and health requirements including attendance at new employee orientation TB/PPD Surveillance Program"
Dice,Junior Network Engineer,"In this role, the Junior Network Engineer will be working within the Data Center troubleshooting Some User Support Cable tracing/clean-up The Junior Network Engineer will be helping endpoint networking CCNA Level Cisco Routing/Switching experience Palo Alto Firewall experience Riverbed WAN Documentation Automation experience (Python preferred) Ansible knowledge Utilize ServiceNow"
Cisco,Network Engineer (Intern) United States,"Including but not limited to an upcoming graduate of a technical degree or certification program from a Technical Boot Camp, Apprenticeship, Community College or 4-Year University. Recent graduate or on your final year of studies toward an Associate's, Bachelor's or Master's degree in a technical field, such as Networking, Computer Science, Information Technology, Electrical/Computer Engineering or a similar field. Fluent in English (verbal and written) Passionate about networking, information technology or computer science Knowledge of adjacent technologies, holding Cisco Certifications (e.g., CCNA, CCNP) or industry recognized certifications is a plus Strong analytical and problem solving skills with ability to solve technical problems Ability to multi-task, self-start, work in a dynamic team environment and work independently"
Tuesday Morning,Part Time Store Associate (501 SE Washington Blvd - Store 1202),"Deliver prompt and friendly service to Tuesday Morning guests; handle customer concerns professionally and respectfully Manage freight to sales floor process Process all sales in the Point of Sale System and handle monetary transactions accurately and effectively Team oriented, positive, upbeat and friendly with the ability to maintain composure under pressure and resolve guest concerns Excellent verbal and written communication skills with the ability to multi-task, and prioritize Ability to work independently with minimum direction and periodic supervision Capable of regularly lifting 50+ lbs with frequent kneeling, bending and stooping Some of the best hours in retail 401K 20% Associate discount"
Apple,Xcode Build System Engineer,
JPMorgan Chase & Co.,Part time Associate Banker S Tarrant Community SE (30 Hours),"Engage clients as they enter the branch by welcoming them and making them feel appreciated, including managing lobby traffic, checking clients into the waiting queue and scheduling/canceling client meetings. Help clients with everyday transactions such as reordering a debit card, setting up a direct deposit or helping update their address while maintaining established control standards. Ensure financial transactions are completed accurately and efficiently while complying with all policies, procedures and regulatory and banking requirements. Educate clients on the usage of technology self-service options such as leveraging the Chase Mobile App, Chase.com, and ATMs to complete their banking needs, whenever, wherever and however they want. Assist clients and the branch team by helping with new account openings when needed. Minimum 6 months of customer service experience (e.g. Retail, Sales, Financial Services). Has prior experience in financial services, banking, retail or client facing customer service highly preferred. Demonstrates ability to learn new technologies, products and features, as well as a strong desire to influence, educate and connect customers to technology. Demonstrates ability to make personal connections, engage customers, and remain courteous and professional in a team environment. Exudes confidence with clients when sharing product knowledge and solutions. Has excellent interpersonal communication skills, as well as strong attention to detail and time management. Remains professional, thorough and organized with strong follow-up skills. Possesses active listening skills to ensure the best way forward is identified for each customer."
Dice,Remote Network Engineer,Contact: Consultant Resume Self-Certification Form Exhibit F Resume – resumes must include: a description of all applicable qualifications and experience. evidence of successful completion of all applicable education degree programs and their respective majors any completed certifications at the time of a prospective interview. The resume of the proposed consultant(s) will NOT contain any vendor or company logo or pricing information. Consultant Statement provided by Dice
Fulfil,Junior Network Administrator,"Fulfil We can’t do it alone -- we’re seeking curious, capable, passionate team members motivated by the opportunity to create lasting impact on the world through their work. This role offers ample growth opportunities while working side-by-side with an impassioned, multi-disciplinary team spanning mechanical design, software, computer vision, systems integration, and ops to design and operationalize world-changing technology. Fulfil Your Responsibilities Accurate and timely completion of all projects assigned to you Respond to technical support requests Installation of equipment including but not limited to printers, servers, firewalls, access points, cameras, etc. Work with vendors to ensure new location is operational such as phone installation, Internet installation, security systems, etc Equipment upgrades such as RAM, UPS, access points, workstations, printers, etc Workstation deployments; including new user laptop set ups and refresh laptop deployments Install and configure servers, peripherals, network devices and storage devices in accordance with internal standards and project requirements Develop, document, and maintain installation and configuration procedures Regular internal &amp; external communications on project statuses and planned changes/outages for clients What We’re Looking For Solid experience with Windows and Mac OS desktop operating systems Experience with the Microsoft 365 stack, Google Workspace, Slack, Ticketing and MDM solutions Knowledge of firewalls, networking/routing (switches, routers, etc.), and wireless configurations Patience, empathy, confidence, and customer service skills Excellent communication (verbal and written) and documentation skills at all levels internally and externally, interpersonal, business management, time management, and developmental skills Ability to multi-task in a fast-paced environment Self-starter with a positive attitude Strong sense of initiative and ownership over work Exceptional strong problem solving, planning skills and follow-through skills Ability to work effectively and complete assigned tasks with minimal supervision Ability to work on site and travel between locations frequently What we’d love to see Solid experience with Linux operating systems A+ and/or Network+ certifications or other relevant certifications. Desire to work in a fast-paced startup environment A lifetime learning mentality A can-do attitude What You Get A chance to be an early member of a hyper-growth startup with equity to match Ability to solve complex problems with a world-class team A low-ego company culture that is obsessed with feedback and helping each other grow Hybrid work structure that allows you to choose when and where you get your best work done Medical, dental, and vision coverage, with 401K, life and disability coverage as well Generous paid time off (PTO) - and we mean it! Compensation $22 per hour"
Cisco,Network Engineer (Full Time) United States,"Recent graduate or on your final year of studies toward an Associate's, Bachelor's or Master's degree in a technical field, such as Networking, Computer Science, Information Technology, Electrical/Computer Engineering or a related program or other academic certification; equivalent experience accepted in lieu of degree Eligible to start July/August 2022 Fluent in English (verbal and written) Passionate about networking, information technology or computer science Knowledge of adjacent technologies, holding Cisco Certifications (e.g., CCNA, CCNP) or industry recognized certifications is a plus Strong analytical and problem solving skills with ability to solve technical problems Ability to multi-task, self-start, work in a dynamic team environment and work independently"
SK hynix America Inc.,Network Engineer,"SK hynix is ushering in a new future by leading the technology-based IT ecosystem. With tenacious commitment and technological innovation, SK hynix is striving to make a future where all stakeholders and members of society enjoy shared growth. By establishing a system of a new brand identity, SK hynix is aiming to become a maker of a better world at the core of advanced technology. Network Engineer Job Description We are looking for a Network Engineer who will be responsible for maintaining and administering our company's computer networks. Your primary duties will include maintenance of computer networks, hardware, software, and other related systems, performing disaster recovery operations, protecting data, software, and hardware from attacks, and replacing faulty network hardware components when necessary. You will also be working closely with the users of our network in order to identify potential issues and fix existing problems. To be a successful candidate, you will need to have a strong understanding of network infrastructure and network hardware. You will also need to be able to implement, administer, and troubleshoot network devices including WAPs, firewalls, routers, switches, IPS, WIPS, WAN accelerator and controllers. A deep knowledge of application transport and network infrastructure protocols is highly desired. Responsibilities: Maintaining and administering computer networks and related computing environments including systems software, applications software, hardware, and configurations. Protecting data, software, and hardware by coordinating, planning and implementing network security measures. Troubleshooting, diagnosing and resolving hardware, software, and other network and system problems. Replacing faulty network hardware components when required. Monitoring network performance to determine if adjustments need to be made. Conferring with network users about solving existing system problems. Operating master consoles to monitor the performance of networks and computer systems. Coordinating computer network access and use Requirements: 5 years IT operations and engineering experience Strong understanding of networking and virtualization technologies Switching and Routing experience in an enterprise data center environment 5+ years Firewall experience in an enterprise data center environment 2+ years Ability to adapt quickly to changing technology requirements Strong system design background Strong communication, presentation, and documentation skills Able to navigate fast-paced and rapidly evolving environments Preferred Technical and Professional Expertise CheckPoint Firewalls VMware NSX Cisco Nexus Switches Trendmicro TippingPoint IPS Cisco ASA Firewall / VPN Steelhead WAN Accelerator Cisco Unified Collaboration Cisco MSE and AP"
Walmart,System Engineer(Voice/Video -MS Teams/Zoom ),"The Hybrid Meetings Experience This position reports to the Senior Product Manager. You will help lead, manage, and deploy key technologies. And partner with cross-functional teams to provide a best-in-class user experience. You will make an impact by: · Engineering and implementing new technologies · Solving network issues · Prioritization Utilizing industry research to improve Walmart's technology environment by analyzing industry best practices, benchmarking industry against internal processes and solutions Driving the execution of multiple business plans and projects Ensuring business needs are being met by evaluating the ongoing effectiveness of current plans, programs, and initiatives; consulting with key stakeholders; soliciting, evaluating, and applying suggestions to improve efficiency and cost-effectiveness; and participating in supporting community outreach events. You’ll sweep us off our feet if: You have certifications like MCSE, CCNA, or VMWare You have at least 5 years of engineering experience You have a passion for unified communications You have hands-on experience with system design and architecture You have worked at enterprise-level corporations You have a deep understanding of virtual collaboration products like MS Teams, Zoom, and Mural. Understand Power Apps and how they work Benefits &amp; Perks: Beyond competitive pay, you can receive incentive awards for your performance. Other great perks include 401(k) match, stock purchase plan, paid maternity and parental leave, PTO, multiple health plans, and much more. Equal Opportunity Employer Walmart, Inc. is an Equal Opportunity Employer – By Choice. We believe we are best equipped to help our associates, customers and the communities we serve live better when we really know them. That means understanding, respecting and valuing diversity- unique styles, experiences, identities, ideas and opinions – while being inclusive of all people. Who We Are Join Walmart and your work could help over 275 million global customers live better every week. Yes, we are the Fortune #1 company. But you’ll quickly find we’re a company who wants you to feel comfortable bringing your whole self to work. A career at Walmart is where the world’s most complex challenges meet a kinder way of life. Our mission spreads far beyond the walls of our stores. Join us and you'll discover why we are a world leader in diversity and inclusion, sustainability, and community involvement. From day one, you’ll be empowered and equipped to do the best work of your life. careers.walmart.com"
Albertsons Companies,Cloud Network Engineer,"Pleasanton CA, Fullerton, CA, Plano, TX, Phoenix, AZ, Boise, ID or Vancouver, BC CAN. About The Company: Albertsons Companies is at the forefront of the revolution in retail. With a fixation on innovation and building culture, our team is rallying our company around a unique vision: forging a retail winner that is admired for national strength, deep roots in the communities we serve, and a team that has passion for food and delivering great service. Albertsons is one of the largest retail employers, providing approximately 300,000 jobs across 2,200 stores, 22 distribution centers, 20 food and beverage plants and various support offices. We operate in 34 states and the District of Columbia under the Albertsons banner, as well as Safeway, Tom Thumb, Jewel Osco, Shaw’s, and many more recognizable names. What you will be doing: The Technology Department has an opening for a Cloud Network Engineer. Responsible for the configuration and support of backbones connection over ExpressRoute (Azure), Interconnect (GCP) and an array of interconnects handled over various virtual gateways Responsible for troubleshooting to ascertain root cause of issues Perform network system updates, patches, and configuration changes Map network layouts and configure network devices for user environments Key Responsibilities include, but are not limited to: Deliver network solutions for business applications and infrastructure technology. Lead the development and deployment of communication solutions, including integration testing. Develop turn-over documentation for handing off to Operations teams. Design, deploy, maintain, solutions across, on-prem and cloud networks. Manage multiple high-priority, high-pressure projects. Act as point of escalation for network related support cases. Implement fault-tolerance across all critical networked environments. Integrate networks with Public Cloud providers (e.g., Azure/GCP) using transit VPC, IPSec and other Secure Cloud Interconnects. Lead the design and implementation of Enterprise solutions focused in the areas of network and data center technologies. Create the governing principles around network design across the organization. Define the network engineering standard processes and procedures. Design, test, implement, and support network infrastructure. Provide consultation and direct technical support in life cycle planning, problem management, integration, and network configuration. Project planning and designing scalable network infrastructure solutions to meet business requirements for a reliable network (includes detailing current and future requirements, planning analysis, project design, cost and personnel resource estimation for project implementation). Ensure network performance and availability meets enterprise objectives for timely service restoration and tuning. Qualifications: Four (4) years of experience designing, deploying, maintaining, and improving on-prem and cloud networks Must have experience with Cloud Solution Deployments (Azure &amp; Google Cloud). Must have experience with ExpressRoute to establish connections to Microsoft cloud services Must have hands on experience extending on-prem networks into the cloud over a private connection. Four (4) years of experience with network operating systems, including Juniper, Cisco IOS and NxOS Four (4) year of experience with LAN/WAN architecture and implementation for large enterprise networks (10,000 plus devices). Three (3) years of experience creating and delivering detailed technical presentations of network solutions to Senior/Executive level Management. Four (4) years of experience with Layer 2 and Layer 3 advanced protocols. Four (4) years’ experience with Palo Alto/Fortinet Firewall Design, Engineering and L4 troubleshooting. Four (4) years’ experience with BGP, OSPF, VSS, VPC, VNET protocols. Four (4) years’ experience with SD-WAN Design and implementation. What it is like at Albertsons? Albertsons Culture Principles Compassion Team Inclusive Learning Competitive Ownership"
"BioIntelliSense, Inc",Systems Engineer,"Create system requirements and coordinate communication to all sub-system and integration teams. Drive system risk assessment - Including ownership of the risk management file. Drive Verification and Validation test plans including definition of objectives, entry, and exit criteria. What We Are Looking For Strong familiarity with the v-model and medical device product development. Bachelor's degree in Engineering or Scientific discipline 5+ years of industry in healthcare and FDA-regulated products. Strong written and oral communication skills. Strong technical skills and passion for building products. Self-directed and independent with the ability to perform with minimal direct supervision. Preferred Master's degree in Engineering or Scientific discipline Experience with wearable medical devices and/or Remote Patient Monitoring (RPM) is desired. Job Type: Salary Expectations: Work Location: You're excited about this opportunity because you will Join a fast-growing company and grow right along with us. Work on challenging and interesting tech problems which reshapes the future of healthcare. Get the chance to work on cutting-edge technologies and use world-class tooling to get the job done. Make a large impact across the company through business deliverables and continuous innovation. Why You'll Love Working at BioIntelliSense We are leaders We are doers We are learning We have great benefits -"
Robert Half,Network Engineer,"Establish and operate network test facilities Utilize traditional and creative methods to develop enterprise data, voice, and video networks Collaborate with vendors, clients, carriers and technical staff on the implementation, optimization and ongoing management of networks Provide high-level support and technical expertise in networking technology, including hardware, hubs, bridges and routers General familiarity with Switching Protocols Strong familiarity with Cisco CCNP Palo Alto Firewall experience highly desired ASA Firewall experience preferred Knowledge of Cisco CCNA Adeptness in CUCM Demonstrated knowledge of Network Routing Solid understanding of Cisco Networking Well versed in network design and implementation strategies"
Lawrence Livermore National Laboratory,NIF Detector System Electrical Engineer (early/mid-career),"early to mid-career engineers with a background in Electrical Engineering or Applied Physics. Provide engineering support for the daily operations of diagnostic systems deployed on NIF working with well-defined systems.. Provide full life cycle technical engineering for project teams from design through commissioning, maintenance, upgrades, and system integration. Provide basic engineering design support for electrical/electronic subsystems in diagnostics. Assist in the installation and commissioning of new diagnostic systems in the NIF. Execute system reliability, maintainability, and availability improvements. Develop and execute test/calibration/characterization plans for detector systems using standard techniques and methods. Execute electrical component and system level tests of diagnostic instruments. Contribute to project/program milestone completion and participate in engineering design reviews. Provide engineering design support for electrical/electronic subsystems in diagnostics. Informally lead engineering design reviews and small projects that are moderately complex to complex. Perform basic systems engineering analysis to determine requirements and plan electrical component and system level tests of diagnostic instruments. Provide analysis of various camera systems, sensor integration, and data transmission systems. Develop multi-disciplinary engineering solutions for existing and future diagnostic systems, including quality standards, publications, and presentations. Ability to obtain and maintain a U.S. DOE Q-level security clearance which requires U.S. citizenship. Bachelor’s degree in Electrical Engineering, Applied Physics or related field, or equivalent combination of education and previous related experience. Experience working with oscilloscopes, digital delay generators, network analyzers, or similar lab equipment. Fundamental knowledge of the full engineering lifecycle including analog circuit design and digital circuit design at the component level. Experience with printed circuit board (PCB) layout, design including component selection and qualification (ADC, DACs, op-amps, and other standard board components). Sufficient verbal and written communication skills necessary to interact with a multidisciplinary research team, author technical and scientific reports and papers, document analyses, and deliver scientific presentations. Broad experience with technical project management including the use of Gant charts and/or moderately complex to complex systems engineering. Experience and proficiency with scientific detector, high voltage (&gt;100V), and vacuum systems. Comprehensive knowledge of small-scale lab automation (oscilloscopes, digital delay generators, power supplies, motor controllers, data acquisition systems, or similar) to accelerate the collection of test data. Proficiency using and expanding existing MATLAB, Python, SPICE, or LabVIEW, scripts/routines for analysis, parameter optimization and/or lab automation. Included in 2022 Best Places to Work by Glassdoor! Work for a premier innovative national Laboratory Comprehensive Benefits Package Flexible schedules (*depending on project needs)"
Woven Planet,Senior Network Engineer,"Build and grow the careers of a team of network engineers Work with networking hardware and software vendors to deliver high-value solutions Take ownership of installation, configuration, monitoring, documentation, and automation of network infrastructure and corporate systems Respond to complex issues and problems when necessary ensuring that all issues and problems are worked on until the issue is resolved. Conduct post-mortems capturing learnings and actions Work closely with the Security team to improve the infrastructure security Mentor and coach junior engineers helping them skill up at every opportunity Establish documented procedures, policies, and processes relating to the network and its governance Support the design, development, documentation, implementation, and operation of the network Maximize the level of automation and self-service features reducing manual toil and operational expense Provide visibility of network performance metrics Act as a technical expert in a specific process or product area, conducting process reviews and initiating change in order to contribute to continuous improvement of services to internal customers Bachelor’s degree (or equivalent) in Computer Science, Information Technology, or 5+ years of experience in related field Excellent communication and people engagement skills Agile/Scrum experience in delivering infrastructure Experience with deploying and operating Software Defined Networks, 10G/100G Network. Experience with hosted environments such as AWS, Google Compute Engine, or Azure Designing and building MDF/IDF infrastructure Implementing and tuning network and systems security in a large, complex multi-site environment Operational knowledge of DNS, DHCP, and IPAM management through Infoblox Good Understanding of Infrastructure Security, Zero Trust, SAML IdP Experience of configuring OSPF, BGP routing protocols"
Booz Allen Hamilton,Network Engineer,"2+ years of experience with implementing and managing network policies, procedures, and standards and enforcing security procedures Experience monitoring, analyzing, troubleshooting, and evaluating hardware, software, and network problems Knowledge of new technologies related to computer networking and new hardware or software products for system enhancements Ability to meet with clients to plan, analyze, design, and test computer applications to ensure that computer software and applications adhere to the organizational plan Ability to obtain a security clearance HS diploma or GED Experience with researching and recommending network and server hardware and software for large complex networks Experience with SharePoint services and Linux RHEL 5 Experience installing, designing, configuring, and maintaining system hardware and software Knowledge of Military Operations Knowledge of Microsoft Office Word, Excel, PowerPoint, and Access Ability to travel up to 25% of the time Ability to develop, maintain, and implement network support and analyze archiving procedures Possession of excellent oral and written communication skills Clearance"
TikTok,Cloud System Engineer,"TikTok is the leading destination for short-form mobile video. Our mission is to inspire creativity and bring joy. TikTok has global offices including Los Angeles, New York, London, Paris, Berlin, Dubai, Mumbai, Singapore, Jakarta, Seoul and Tokyo. The infrastructure team supports the company's fast growth by building and operating hyper-scale datacenters, managing the life cycle of server fleet, providing cloud solutions, and developing various infrastructure services and making sure they are scalable and are reliable. This position is based in Mountain View, CA / Bellevue, WA Responsibilities • Manage cloud infrastructure, provide resource allocation, system upgrades, user access control etc. • Perform deep dives on complex system issues ranging from software bugs, hardware failures to network issues. • Build tools and automations to improve the operational efficiency. • Oncall responsibility Qualifications Minimum qualifications: • Master’s degree (or Bachelor's degree with 3+) years of experience in Computer Engineering, Electrical Engineering, Computer Science or related major • 3+ years experience working with Unix Linux systems from kernel to shell and beyond • 3+ years scripting experience in Shell and Python. Preferred qualifications: • Networking configuration and systems administration experience on a Public Cloud platform (AWS, GCP, Azure, OCI etc.) • Hardware and system troubleshooting skills • Experience in a large scale production environment • Experience in L4/L7 loadbalancers • Experience in kerberos, LDAP or other account management and access control systems. *TikTok is committed to creating an inclusive space where employees are valued for their skills, experiences, and unique perspectives. Our platform connects people from across the globe and so does our workplace. At TikTok, our mission is to inspire creativity and bring joy. To achieve that goal, we are committed to celebrating our diverse voices and to creating an environment that reflects the many communities we reach. We believe individuals shouldn't be disadvantaged because of their background or identity, but instead should be considered based on their strengths and experience. We are passionate about this and hope you are too. TikTok is committed to providing reasonable accommodations during our recruitment process. If you need assistance or an accommodation, please reach out to us at USRC@tiktok.com."
Booz Allen Hamilton,"Software Engineer, Junior","Experience working in full stack development, including front-end, back-end, database, DevOps, or mobile app Experience using GoLang, Java, Spring, React.js, Node.js, Python, .Net, or Angular Experience with RESTful API design and implementation Experience with database design, including Stored Procedures, DML and DDL tasks Experience developing in an agile environment Experience developing on Cloud Platforms TS/SCI clearance HS Diploma or GED Experience with working with CI/CD pipelines and DevOps methodologies Experience with performing design and code reviews Experience with one or more version control systems Experience with production support and issue resolution Experience with interfacing with Business Analysts and UI/UX teams Experience with working in an Agile and SCRUM environment Experience with AWS or other Cloud platform technologies, including EKS, EC2, S3, SQS, and SNS TS/SCI clearance with a polygraph preferred Bachelor's degree experts in virtually every field a culture that focuses on supporting our employees"
Astreya,Network Test Engineer,"Astreya is the leading IT solutions provider to deliver technology-enabled services and fuel digital transformation to some of the most exciting companies on the planet. We are at the cusp of a new way of working with our delivery model that helps our clients be positively productive by matching exceptional people to on-site teams delivering world-class IT service. With engineers in over 30 countries and 70 cities around the world, we are a global company working with the world's most recognizable and innovative organizations. Overview As the Network Engineer, you will provide solutions for requirements, and develop test plans, networks, and hardware and software solutions. As the Network Engineer, you will have expertise in System Administration, Networking and writing Python, Expect, and Shell scripts. Your Role and Responsibilities: Lead testing and configuration of various automation Configure and operate various test tools and equipment (hardware and software) used in a lab environment Develop test plan, execute test plan and validate requirements, identify issues and troubleshoot and document test results Debug /QA on test results, assist and more complex issues Assist with lab setup and maintenance (Rack/Stack/Cable/Power) Assist in developing a lab expansion plan Setup and configure network switches and servers, including SONiC network switches. Test different network topologies primarily using automated methods Write test scripts, and utilize the HWE automation framework to do regression tests Analyze test results and provide recommendations. Required Qualifications/Skills: 5+ years of related experience in System Administration, Networking and writing Python Python, Expect, and Shell scripting Ability to build test automation from manual test cases Experience with PXE, NFS, DNS, DHCP &amp; TFTP Experience with Ubuntu/Centos/Windows server administrator. Experience with switch/server installation and cabling. Experience in testing NIC, switches, cabling and optics. General knowledge of optics, fibre cables, and twin-AX cables. Familiar with Ansible and Linux VM Knowledgeable of networking protocols such as BGP, LLDP, TACACS+, Syslog, QoS Familiar with Clos type network designs Familiar with Juniper/Arista/Cisco hardware and configurations. Familiar with server hardware and configurations. Familiar with GIT, Jenkins, Puppet Familiar Ixia traffic generation gear Comfortable working on common network operating systems such as Cisco NX-OS, Arista EOS, and Juniper JunOS Education Bachelor’s degree in Computer Science (B.S/B.A) or an equivalent combination of education and experience Why Astreya Employment in the fast-growing IT space provides you with a variety of career options Opportunity to work with some of the biggest firms in the world as part of the Astreya delivery network Introduction to new ways of working and awesome technologies Career paths to help you establish where you want to go Focus on internal promotion and internal mobility - we love to build teams from within Free 24/7 accessible Professional Development through LinkedIn Learning and other online courses to give you opportunities to upskill at your own pace Education Assistance Dedicated management to provide you with on-point leadership and care Numerous on-the-job perks Market competitive compensation and insurance, health and wellness benefits Additional Information Astreya Partners is an equal employment and affirmative action employer. We evaluate qualified applicants on merit and business needs and not on race, color, religion, creed, gender, sexual orientation, national origin, ancestry, age, disability, genetic information, marital status, veteran status or any other factor protected by law."
BLUE ORIGIN,Fluid Systems Engineer,"We are a diverse team of collaborators, doers, and problem-solvers who are relentlessly committed to a culture of safety. We are hoping you will join us in the effort of lowering the cost of access to space and enabling Blue Origin’s vision of millions of people living and working in space to benefit Earth. As part of a hardworking team of diverse engineers, you will be responsible for design and analysis projects supporting New Shepard’s fluids subsystems. On New Shepard, fluids engineers support a broad range of applications including low pressure environmental control systems, high pressure pneumatics, and cryogenic liquids. You will share in the team’s impact on all aspects of pressurized system design, analysis, build, test, and flight operations for the reusable New Shepard spacecraft. This position will directly impact the history of space exploration and will require your dedicated commitment and detailed attention towards safe and repeatable spaceflight. Our best team members are flexible in constantly evolving environments, thorough, detail oriented and passionate. We are looking for someone to apply their technical expertise, leadership skills, and dedication to quality to positively impact safe human spaceflight. Passion for our mission and vision is required! The New Shepard team is headquartered in Kent, WA but we are actively building small teams in several of our remote office locations including Los Angeles, Denver, Huntsville, Reston (Virginia), and Phoenix. Hiring preference will be given to folks who are willing to relocate to Kent, but applicants for our remote locations will absolutely be considered! Responsibilities: Participate in the entire design cycle, including requirements derivation, conceptual and detailed design, system performance modeling, structural analysis, manufacturing and integration support, development testing and qualification. Design and route individual fluid subsystems (i.e., propellant feed, pressurization, pneumatics, reaction control) including procurement, integration support, and discrepancy resolution. Design fluid component groups (i.e., solenoid valves, regulators, pressure vessels) including specification, procurement, processing, and discrepancy resolution of specific components. Perform stress analysis of fluid subsystems including hand calculations and FEA. Identify and implement design changes to improve system reliability, operational cost, and fight cadence. Participate in component and subsystem level testing including planning, execution, data reduction, and analysis. Participate in verification audits of existing components and subsystems. Perform Failure Modes and Effects Criticality Analysis and requirements verification. Develop project development plans, schedules and cost estimates. Coach, mentor and technically assist other engineers and team members. Qualifications: Passion for all things fluids/pneumatic, problem solving, and getting the job done. B.S. degree or higher in aerospace engineering, mechanical engineering, mechatronics or related field. 7+ years’ experience – note, level of position will be commensurate with candidate experience, capabilities, and skillset (level 3, Senior, or Principal) Demonstrated experience in aerospace or related industry in one or more of the following areas: Design and operation of high-pressure pneumatic systems Design and operation of cryogenic or two-phase fluid systems Design of valves, mechanical assemblies, fittings, tubing, and seals High pressure pneumatics and cryogenic component testing experience Use of common aerospace structural materials, surface treatments, and fasteners Thermodynamics, fluid flow, and heat transfer analysis Safety assessment and operation of high energy pressurized test hardware. Ability to learn, grow and tackle new challenges in a fast-paced environment. Excellent attention to detail and task ownership, someone who demonstrates pride in all work and willingness to perform low-level tasks when needed. Strong interpersonal and organizational skills with the ability to prioritize and handle small and large projects with a diversity of internal and external customers. Strong communication skills. Ability to earn trust, maintain positive and professional relationships, and contribute to our inclusive culture. Proficiency in 3D CAD programs (Creo Pro/E preferred) Experience with launch vehicle, aircraft, or spacecraft manufacturing and integration. Passion for advancing the commercial space industry and human spaceflight. Blue Origin will consider for employment qualified applicants with criminal histories in a manner consistent with the Washington Fair Chance Act, Los Angeles Fair Chance in Hiring Ordinance, and other applicable laws. Desired: M.S. degree or higher in aerospace engineering, mechanical engineering, mechatronics or related field. Experience with CFD analysis including hand calculations and Finite Element Analysis (ANSYS preferred) Test instrumentation and data acquisition experience Experience with GD&amp;T (ASME Y14.5) Hands-on experience with machining, building, and maintaining pressurized or mechanical systems Export Control Regulations Applicants for employment at Blue Origin must be a U.S. citizen or national, U.S. permanent resident (i.e. current Green Card holder), or lawfully admitted into the U.S. as a refugee or granted asylum. Equal Employment Opportunity Blue Origin is proud to be an Equal Opportunity/Affirmative Action Employer and is committed to attracting, retaining, and developing a highly qualified, diverse, and dedicated work force. Blue Origin hires and promotes people on the basis of their qualifications, performance, and abilities. We support the establishment and maintenance of a workplace that fosters trust, equality, and teamwork, in which all employees recognize and appreciate the diversity of individual team members. We provide all qualified applicants for employment and employees with equal opportunities for hire, promotion, and other terms and conditions of employment, regardless of their race, color, religion, gender, sexual orientation, gender identity, national origin/ethnicity, age, physical or mental disability, genetic factors, military/veteran status, or any other status or characteristic protected by federal, state, and/or local law. Blue Origin will consider for employment qualified applicants with criminal histories in a manner consistent with applicable federal, state, and local laws. Blue Origin will consider for employment qualified applicants with criminal histories in a manner consistent with the Washington Fair Chance Act, Los Angeles Fair Chance in Hiring Ordinance, and other applicable laws. Affirmative Action and Disability Accommodation Applicants wishing to receive information on Blue Origin’s Affirmative Action Plans, or applicants requiring a reasonable accommodation in order to participate in the application and/or interview process, please contact us at EEOCompliance@blueorigin.com. Benefits Employee Benefits include: Medical, dental, vision, basic and supplemental life insurance, short and long-term disability and 401(k) with up to 5% company match. Paid Time Off: Provides up to 4 weeks per year, in addition to 14 holidays"
Cisco,Network Engineer (Intern) United States,"Including but not limited to an upcoming graduate of a technical degree or certification program from a Technical Boot Camp, Apprenticeship, Community College or 4-Year University. Recent graduate or on your final year of studies toward an Associate's, Bachelor's or Master's degree in a technical field, such as Networking, Computer Science, Information Technology, Electrical/Computer Engineering or a similar field. Fluent in English (verbal and written) Passionate about networking, information technology or computer science Knowledge of adjacent technologies, holding Cisco Certifications (e.g., CCNA, CCNP) or industry recognized certifications is a plus Strong analytical and problem solving skills with ability to solve technical problems Ability to multi-task, self-start, work in a dynamic team environment and work independently"
Amazon,"Software Development Engineer - Networking, Project Kuiper","Take responsibility for designing and delivering a modern, flexible, high throughput, low latency data distribution network Implement custom routing and L2 control data distribution protocols and services that incorporate mission critical network security, quality of service and dynamic communications infrastructures for best-in-class network services that delight our customers. Programming experience with at least one software programming language. 1+ years of experience in software development Bachelor's degree in computer science or related technical discipline, or 2+ years of equivalent work experience 2+ years delivering software in a production environment Experience in developing distributed software systems in C/C++, Rust, Golang or Python on Linux Experience with building large-scale, high-performance systems in a complex, multi-tiered, distributed environment Experience in building distributed infrastructure services on AWS Experience with network analysis fundamentals and robust troubleshooting skills; like, network performance analysis Knowledge of communication infrastructure and forwarding base. Extensive Linux system programming experience (e.g. sockets, files, shared memory) and understanding of Operating systems Familiarity with wireless and mobile networking Company"
Tuesday Morning,Part Time Store Associate (703 Greenville Blvd SE - Store 0741),"Deliver prompt and friendly service to Tuesday Morning guests; handle customer concerns professionally and respectfully Manage freight to sales floor process Process all sales in the Point of Sale System and handle monetary transactions accurately and effectively Team oriented, positive, upbeat and friendly with the ability to maintain composure under pressure and resolve guest concerns Excellent verbal and written communication skills with the ability to multi-task, and prioritize Ability to work independently with minimum direction and periodic supervision Capable of regularly lifting 50+ lbs with frequent kneeling, bending and stooping Some of the best hours in retail 401K 20% Associate discount"
Apple,NFC/SE Quality,
Dice,Network Engineer,Location of Requirement: provided by Dice
Signature Bank,Network Engineer,"Did you know? Signature Bank has appeared on Forbes' Best Banks in America list for over ten years and was recently Directly supports the ongoing maintenance of network, unified communicatiosns, and security infrastructure by ensuring up-to-date software releases, maintenance of configurations. Troubleshoots and resolves incidents reported Provides and maintains current system configuration data, diagrams, and lifecycle management information. Provides and maintains current system configuration data, diagrams, and lifecycle management information. Bachelor’s degree (BA, BS, BBA, etc.) from four-year college or university and three to five years related experience; or equivalent combination of education and experience Minimum 4 years supporting, implementing and designing network infrastructure, IT systems, networks, data communications systems. Routing, switching, Cisco voice technologies, load balancing, reverse proxy and security devices. Excellent verbal/written communication Troubleshooting and problem solving A generous BONUS program with eligibility for all employees Comprehensive health benefits, including vision and dental options, and huge HSA contributions An award winning wellness program, with employee payments in several categories! Tuition reimbursement up to $10,000 annually 401K with company match and immediate vesting Pet Insurance Parental leaves For those candidates applying to locations within the New York City boroughs: For those candidates applying to locations in San Francisco: not Signature Employees – Do NOT use this site. Please apply via the Workday login page or contact Human Resources - Staffing if you have questions."
Brainnest,Junior/Intern Network Engineer (Remote Internship),"Strong communication skills with the ability to discuss any issues with a wide variety of individuals and groups Capability to produce content on time, with attention to detail, and an emphasis on identifying and pitching to a target audience A well-organized team player with the ability to perform various tasks, act individually, and think creatively Willingness to learn and develop network engineering skills Competitive and proactive attitude Capacity to stay professional in stressful/dispute situations Collaborate with the third-level engineering services team to resolve technical issues Build strong working relationships with peers and collaborate with engineers, managers and related departments Write and update solution articles to share technical knowledge internally and externally Perform network maintenance and system upgrade Lead multiple cases and prioritize tasks based on customer and business needs Follow standards-based processes (as defined in our quality management system)"
Jacobs,SE&I Engineer,"Design your career with a company that inspires and empowers you to deliver your best work so you can evolve, grow and succeed – today and into tomorrow Provide technical leadership within TOSC / JSOG for the SE&amp;I function. Must have excellent communication skills and experience leading and motivating technical teams. Responsible for work planning and coordination of SE&amp;I resources to meet work commitments. Must have ability to successfully interface with client representatives and manage completion of tasks on schedule and within budget to the customer's satisfaction. Duties may also include oversight of construction activities to validate compliance with contract documents. Must be well organized, extremely flexible and capable of juggling multiple priorities simultaneously. Will be required to climb stairs in order to access equipment for trouble shooting. Will be required to wear hearing protection, eye protection and other associated personal protective equipment. Position may involve extended periods of sitting or standing. Physical requirements are sitting, walking, standing, extensive use of stairs, and access to remote structure Will be required to work inside and outside throughout the test complex. Position may require daily individual to travel to different areas on site. Walking on uneven terrain including paved areas, gravel/rocks, and dirt/sand is required to access various locations on the facility. Climbing ladders and platforms may be necessary. All work must be completed in a safe manner in accordance with NASA and Company Computers and printers used for producing reports and schedules. Full-time regular work hours between Monday-Friday. Position may require occasional overtime including weekend work depending on task. Must be dependable and punctual. Must be able to accurately communicate ideas in writing and verbal communication. Must be able to travel to support position requirements. This may include travel to and from customer location, which may involve airline travel. In some cases, accommodations can be made for POV, if necessary. Grooming and dress must be appropriate for the position and must not impose a safety risk/hazard to the employee or others. Must comply with all “drug free workplace” requirements as mandated by directives issued by the appropriate federal contracting officer and the company, which requires drug testing for use of illegal drugs by employees in sensitive positions. Government security clearance may be required in the future. Must maintain a positive work atmosphere by behaving and communicating in a manner that fosters good relations with customers, clients, co-workers, and management."
Wipro,System Engineer,"Excellent communication skills, Ability to Empathize, pacify and handle Irate Customers withExceptional communication skills. Technical Knowledge in Troubleshooting Base Operating systemIssues and eager to learn New Technologies. Troubleshooting Windows, Outlook, Teams, Citrix. VDI, VPN,Security App etc. over Remote Support Answer incoming calls and respond to customer’s emails intimely manner. Manage and resolve customer complaints. Identify and escalate issues to supervisors as and when needed. Provide product and service information to customers. Research required information using available resources andOffer Solution to customers. Research, identify, and resolve customer complaints usingapplicable software. Route calls and tickets to appropriate resources and Domains whocan best support he user, Document all call information according to standard operatingprocedures. Recognize, document, and alert the management team of trends incustomer calls. Create SOPs for new Issues and resolution given. Complete call logs and reports."
Insight Global,System Engineer,"An employer in the Denver Metro area is looking for a Systems Engineer to join their team. The Engineer will be working on a large DNS team supporting the health of the company's network and servers. The Engineer will be performing project-related tasks that included supporting requests from internal customers, taking escalations from a help desk, resigning platforms from legacy equipment blocking tools if needed, decommissioning servers, and more. Because it is a DNS team, the engineer will also be responsible for designing, implementing, monitoring and enhancing DNS platforms. Must-haves 3+ years of experience with system administration and engineering Experience designing, maintaining, implementing, and troubleshooting DNS platforms Experience with CentOS/Linux and UNIX 2+ years of experience with scripting in ansible, chef, or jenkins Plusses DevOps experience"
Williams International,Systems Engineer,"Who We Are Williams International is a privately-owned company that develops and manufactures jet engines for both military and commercial aircraft applications. We are a company of creators who deliver pioneering ideas and technologies that lead the aerospace industry. Our culture fosters creativity, collaboration, and continuous learning to position our team members to inspire each other and provide quality products and supporting services that exceed the expectations of our customers. The Opportunity Williams International has an exciting opportunity for a Systems Engineer to join our team. The Systems Engineer will be responsible for leading projects to design control systems for aerospace and military applications such as engine controls, motor controls, power converters, and actuators. This is an exciting opportunity to work on high tech, cutting edge products and have a high degree of ownership of your designs. The Systems Engineer will be responsible for: Decomposing high level requirements into control system requirements. Performing trade studies to determine the best control system architecture. Designing and developing new control algorithms for engine control, power electronics, and electric machines. Creating and using models to develop and test control algorithms. Developing algorithms for diagnostics and prognostics. Developing requirements for electrical and mechanical components of the control system (i.e. actuator requirements, sensor accuracy, etc.) Performing control system stability analysis. Working with software and test engineers to implement and verify the control algorithms. Supporting testing including analysis of control system test results. Other duties as assigned. Qualifications Bachelor’s degree in engineering with a controls focus is required with at least 3 years of relevant engineering experience. Knowledge and experience with control systems for engine control, power electronics, and/or electric machines. Experience with MATLAB/Simulink or equivalent software. The ability to model system and sub-system dynamics and create robust control designs. Experience with military, aerospace, automotive, and/or high reliability systems. The ability to work independently and be able to manage multiple projects. Knowledge of microcontrollers (NXP/Freescale is preferred) A basic understanding of the design of power electronics and electric machines. Proficiency in one or more programing languages (C/C++ is preferred). US. Citizenship status required. Position requires the ability to obtain a U.S. Government Security Clearance, if needed. Candidates selected may be subject to a U.S. Government security investigation and must meet eligibility requirements for access to classified information. For more information on Security Clearances, please visit: U. S. Department of State Additional Information Williams International is a Drug Free Workplace where all new team members and contractors are subject to pre-employment drug testing for the following controlled substances: marijuana, cocaine, PCP, amphetamines, opioids and alcohol as policy dictates. Williams International is committed to equal employment opportunities for all individuals regardless of race, color, religion, sex, gender identity, sexual orientation, national origin, age, disability, and protected veteran status."
RTI International,Software Systems Engineer,"Collaborate with research project teams, system analysts, and data managers to plan, design, implement and integrate research information systems, Communicate process changes to internal and external research partners, Analyze requirements, design, document specifications, and test new applications as well as maintain and support existing applications, Document processes according to RTI SOPs, best practices and quality guidance materials, and propose future processes in the spirit of continuous improvement, Support and enforce standards and methods for research informatics and data collection efforts, Perform encoding, testing, and debugging, as necessary to meet project specific goals, Contribute to the development of Standard Operating Procedures (SOPs), Standards and Guidelines and ensure adherence, Commit to high standards of quality and participate in quality initiatives, Bachelor’s degree in Computer Science, Information Systems, Mathematics, Biomedical Informatics, Health Informatics or other related discipline plus at least 5 years related professional experience; or Experience with technologies such as .NET (C#), JavaScript, ASP.NET MVC, Web Services, or other related technologies, Demonstrated client-focused development experience, Strong problem-solving skills and a willingness to be flexible and learn new concepts and technologies on the job, Interest in developing technical solutions for projects aimed at exploring science, research, and health issues, Ability to work effectively in both team based and individual developer settings, Strong written and oral communication skills and the ability to work effectively as part of study and applications development project teams, Experience and/or had training in developing solutions with REDCap EDC, Medidata Rave, or any other Electronic Data Capture Systems, Experience in data pipelines, database design, optimization, and administration (MS SQL, MySQL), Experience using source-code control and task-tracking software, such as Git and Jira, Working knowledge of clinical and epidemiological research, and implementation of data collection systems for research studies, and Maximum Salary: $116,000 Minimum Salary: $94,000"
"Diamond Technology, Inc.",Junior Network Engineer,"Learn more Network equipment installation personnel should have experience with CISCO network equipment supporting Local Area Networks (LANs). The PRIMARY RESPONSIBILITY IS CISCO SWITCH CONFIGURATION. Possession of an Associate's Degree from an accredited college or vocational program in computer science, information systems, or a closely related field. 1-2 years of experience, that demonstrates the knowledge and ability of installation and CONFIGURATION of CISCO SWITCHES &amp; network equipment. (PRIMARY DUTY) Cisco Switch Configuration (PRIMARY DUTY). (SECONDARY DUTIES) Assist in the racking, cabling, installation of OTHER computer &amp; network equipment, as well as the following... Ability to perform IT site survey Perform basic technician duties. Wire and connect Cisco routers &amp; switches. Candidate to provide and be proficient working with basic hand tools and connecting wiring. Candidate to provide own means of transportation. Installation per build specifications. Cable management. Procurement of materials for project specific requirements. Asset tagging. Troubleshoot errors as needed. Confirm hardware is functional. Basic network administration skills. 1-2 years of experience. Successful Cisco Switch configuration while working, independently, at multiple clinics. Successful maintenance/support network equipment across clinics. Working with department IT staff to implement “best practices” when engaging our business users. Participation in client department meetings and documenting requirements."
Brainnest,Junior/Intern Network Engineer (Remote Internship),"Strong communication skills with the ability to discuss any issues with a wide variety of individuals and groups Capability to produce content on time, with attention to detail, and an emphasis on identifying and pitching to a target audience A well-organized team player with the ability to perform various tasks, act individually, and think creatively Willingness to learn and develop network engineering skills Competitive and proactive attitude Capacity to stay professional in stressful/dispute situations Collaborate with the third-level engineering services team to resolve technical issues Build strong working relationships with peers and collaborate with engineers, managers and related departments Write and update solution articles to share technical knowledge internally and externally Perform network maintenance and system upgrade Lead multiple cases and prioritize tasks based on customer and business needs Follow standards-based processes (as defined in our quality management system)"
Paragon Energy Solutions,Nuclear Systems Engineer,"Nuclear Systems Engineer Responsible for delivery of cohesive, high quality technical solutions to our customers Lead the specific design, development verification and validation activities of assigned projects Acts as both an individual contributor and as a lead engineer of the system development team Required to develop, maintain, and improve design and analysis processes including procedures and applications Prepares technical drawings, requirements, and specifications of electrical systems to ensure that installation and operations conform to standards and customer requirements Directs or coordinates manufacturing, construction, installation, maintenance, support, documentation, and testing activities to ensure compliance with specifications, codes, and customer requirements Inspects completed installations and observe operations to ensure conformance to design and equipment specifications and compliance with operational and safety standards Designs, implements, maintains, or improves electrical systems, equipment, facilities, components, and products for use in commercial nuclear power Coordinates and implements quality control objectives, activities, or procedures to resolve system problems, maximize product reliability, and minimize costs Estimates system costs, development costs, production costs and effects of design changes for management review, action, and control Minimum of 8 years of experience as a Systems Engineer and/or Lead Engineer in a systems development environment. Experience working on successful major nuclear system development projects is highly desirable Experience working within a Nuclear Quality program Experience with MATLAB and Simulink is desirable Actual technical experience and working knowledge in design, plant systems, and/or technical analysis with small modular reactors, advanced high-temperature sodium fast and molten salt reactor technologies, high-temperature gas reactors and HALEU or high-enriched research and test reactor fuel is desirable. Proven ability to create real and positive change, think creatively and respond rapidly to changing priorities and customer needs. Proficient in Microsoft Applications (Word, Excel, Access, PowerPoint, MS Project) Excellent interpersonal and communication skills (written and verbal). Ability to handle multiple tasks, projects, competing priorities and tight deadlines simultaneously while maintaining quality and accuracy"
Lenovo,Associate Engineer,"Computer programming experience in C and/or C++, Python and/or Bash Proficiency in Linux/Windows Operating systems Experience or knowledge of Network technologies Experience or knowledge in Systems Management and/or embedded processors Knowledgeable of software development processes and Agile methodologies Experience or knowledge in firmware development Ability to work in a team environment and passionate about learning new technologies and skills Ability to provide ongoing maintenance, support and enhancements in existing systems and platforms Problem-Solving Skills Able to analyze and debug complex issues Lenovo adopted a COVID-19 Vaccination Policy for US-based employees. As a condition of employment, employees must adhere to Lenovo’s US Vaccination Policy and be fully vaccinated against COVID-19, subject to any applicable accommodations. To be fully vaccinated means individuals must receive the full series of a vaccine either approved by the FDA or WHO and listed by the CDC (e.g. two dose of the Moderna, AstraZeneca or Pfizer-BioNTech vaccines; or one dose of the Johnson &amp; Johnson vaccine). Morrisville - North Carolina - United States of America"
Randstad USA,Systems Engineer,"5+ years of engineering experience Bachelor's degree in Engineering Field (Biomedical, Electrical, Mechanical preferred). Experience in fast paced operations engineering environment, medical device experience preferred. Must be capable of coordinating cross functionally with groups such as R&amp;D, Supply Chain, GP (Global Procurement), Design and Supplier Quality to drive design change packages and nonconformances. Ability to work within a team and as an individual contributor in a fast paced changing environment. Ability to leverage and/or engage others to accomplish projects. Participate in requirements writing, requirements management, requirements analysis, risk analysis, hazard analysis, product test and evaluation, System V &amp; V, and/or design control documentation. Support on-market products, work with design engineers and suppliers to optimize product design. Provide support and consultancy to suppliers on process validations and process development. Manage Design Change Package activities to implement a variety of updates including process improvements, product enhancements, and supply continuity updates. Experience level: Experienced Medical Device Systems Engineer Requirements Management Product Testing Biomedical"
Kforce Inc,Junior Network Engineer,"4-year degree or equivalent combination of education and experience CCNA or CCNP with equivalent experience, with proven specialization in either voice or security or equivalent experience Minimum of 2 years of related experience Supporting enterprise technologies (VOIP, Security, Routing, Layer 3 switching, Proxy, wireless) in complex networking environments Ability to work small to medium size projects, maintain documentation, and testing processes, a must Ability to understand and support security (Firewall, VPN, IPS, Proxy) application in a networking environment Level 2 support for complex enterprise break/fix Ability to install, administer and troubleshoot layer 2 and 3 switching (Cisco Catalyst, Nexus) and Routing MPLS wide area technologies Understanding and troubleshooting VPNs, Firewalls (Cisco ASA/Firepower, Checkpoint) Practical experience with intelligent routing protocols BGP, IGP, OSPF Practical understanding of VOIP/SIP Able to attend meetings with management and clients and contribute suggestions and provide answers in a professional manner Ability to drive and work as part of a team on larger projects Good written and verbal communication skills Up to 15% domestic travel Ability to work different shifts and extended hours CCDA or CCDP are a plus Experience with F5 LTM/GTM/ASM a plus"
Brainnest,Junior/Intern Network Engineer (Remote Internship),"Strong communication skills with the ability to discuss any issues with a wide variety of individuals and groups Capability to produce content on time, with attention to detail, and an emphasis on identifying and pitching to a target audience A well-organized team player with the ability to perform various tasks, act individually, and think creatively Willingness to learn and develop network engineering skills Competitive and proactive attitude Capacity to stay professional in stressful/dispute situations Collaborate with the third-level engineering services team to resolve technical issues Build strong working relationships with peers and collaborate with engineers, managers and related departments Write and update solution articles to share technical knowledge internally and externally Perform network maintenance and system upgrade Lead multiple cases and prioritize tasks based on customer and business needs Follow standards-based processes (as defined in our quality management system)"
Apple,Senior Network Engineer,
Cisco,Network Engineer (Intern) United States,"Including but not limited to an upcoming graduate of a technical degree or certification program from a Technical Boot Camp, Apprenticeship, Community College or 4-Year University. Recent graduate or on your final year of studies toward an Associate's, Bachelor's or Master's degree in a technical field, such as Networking, Computer Science, Information Technology, Electrical/Computer Engineering or a similar field. Fluent in English (verbal and written) Passionate about networking, information technology or computer science Knowledge of adjacent technologies, holding Cisco Certifications (e.g., CCNA, CCNP) or industry recognized certifications is a plus Strong analytical and problem solving skills with ability to solve technical problems Ability to multi-task, self-start, work in a dynamic team environment and work independently"
Cisco,Network Engineer (Intern) United States,"Including but not limited to an upcoming graduate of a technical degree or certification program from a Technical Boot Camp, Apprenticeship, Community College or 4-Year University. Recent graduate or on your final year of studies toward an Associate's, Bachelor's or Master's degree in a technical field, such as Networking, Computer Science, Information Technology, Electrical/Computer Engineering or a similar field. Fluent in English (verbal and written) Passionate about networking, information technology or computer science Knowledge of adjacent technologies, holding Cisco Certifications (e.g., CCNA, CCNP) or industry recognized certifications is a plus Strong analytical and problem solving skills with ability to solve technical problems Ability to multi-task, self-start, work in a dynamic team environment and work independently"
Cisco,Network Engineer (Co-Op) United States,"Hands-on experience with next-generation technology in Cisco’s Advanced Labs Craft services that help customers manage their networks while providing strategic and tactical support Build networks consisting of an array of Cisco equipment every day Monitor and track network recreate requests Support the lab infrastructure Collaborate with peers and mentor new co-ops Including but not limited to an upcoming graduate of a technical degree or certification program from a Technical Boot Camp, Apprenticeship, Community College or 4-Year University. An Associate’s degree with related experience will be considered. Passionate about networking, information technology or computer science Knowledge of adjacent technologies, and the achievement of Cisco Certifications (e.g., CCNA, CCNP) or industry recognized certifications is a plus Strong analytical and problem-solving skills with ability to troubleshoot technical problems"
Dice,Network Engineer,"Client: Large Networking Company. Location: Palo Alto, CA (onsite only). Duration: 12+ months. Configure, manage, and support network devices across the Campus and DC environments. Respond to customer calls/incident tickets from the services desk/ITSM system. Coordinate with other teams and OEM manufacturers when onsite support activities are required. Provide troubleshooting and incident resolution support for network issues in the environment. Perform root cause analysis and ensure continuous updating of asset and configuration management systems. Supporting data center networks, work with data center operations teams to configure networking equipment's Supporting data center networks, configure, manage, and support VLANS, load balancers, and associated data center network devices Cisco routers (e.g., 36XX, 76XX, ASR 1XXX). Cisco switches (e.g., Catalyst, Nexus). Associated networking devices (e.g., LAN Controllers, WAN Optimizers). Firewalls (e.g., Checkpoint). Load Balancers (e.g., F5 Labs). Data Center Network devices (e.g., VLANs, load balancers). SolarWinds. Certifications preferred: provided by Dice"
Lockheed Martin,Network Engineer,"Lockheed Martin Space seeks a Network Engineer for its Sunnyvale, CA location to join our team for Echelon 2 (E2) sustainment of a signal distribution system as well as supporting nominal recapitalization efforts of various ground system elements. Selected candidate will have strong inter-personal and communication skills and be able to work well in a team environment.
<!---->"
Falcon IT & Staffing Solutions,Network Enigneer,"Peterson SFB, Colorado Springs, COLORADO, United States Full-time Responsible for providing engineering support to USSF Space Operations Command (SpOC) to assess Enterprise Information System (EIS)-level changes under consideration by the USSF EIS Change Advisory Board (CAB). Provides engineering support to SpOC in planning efforts for future EIS Courses of Action (COAs) and way-ahead for USSF EIS hosting capabilities. Establishes and maintains a SharePoint integration and production environments. Test applications of firmware and application updates/patches to ensure SharePoint operational availability. Maintains a Dell Server, Switches, and Storage Area Network (SAN) Infrastructure, with Veeam backups, SQL Databases clusters, High availability VMWare infrastructure and F5 Load Balancer for delivery of our SharePoint web services. Analyzes test failures to identify the cause of the failure and determines if the desired patches/updates can be applied to the system without creating an outage. Records all tests in a test log. Performs an analysis and technical review of proposed changes to the USSF SharePoint environment to determine the suitability of the proposed change for incorporation into the USSF SharePoint environment. Ensures that all unique software developed to support unique integrated solutions on the USSF SharePoint is fully supported. Maintains and supports all maintenance contracts and software licenses required to support the USSF SharePoint environment to include purchases, renewals, service contracts etc. for the life cycle of the systems. Maintains the EIS Server environments to provide required availability. Applies approved and tested patches to the EIS Environments. Reviews error logs on all infrastructure components and performs daily system and serviceability tests. Performs database maintenance as needed. Monitors system performance as well as SQL operations and performance. Brings SQL servers into and out of service in clustered environments and front-end servers in and out of load balance as needed for SharePoint. Conducts server and application repairs and rebuilds as needed. Submits and coordinates all system and infrastructure level change requests. Familiar with Equipment Custodian duties. Firsthand experience with Air Force Active Directory, Domain Name Services (DNS), Virtual and physical switching, and network routing. Highly confident in VMWare High Availability management to include VLAN switch configurations. Excellent writing skills. Use of O365, and Visio for capturing, editing physical and logical network and system architecture required. Ability to learn and keep up to date with latest versions and ability to brief impacts on changes to overall service availability. Government Network experience preferred. HIGHLY DESIRED SKILLS: Ability to effectively communicate technical issues and status with all levels of Military and Civilian personnel within USSF."